"URL","Title","Description","Provider","Timestamp"
"https://zenodo.org/record/7744048","SciQA benchmark: Dataset and RDF dump","SciQA benchmark of questions and queries. The data dump is in NTriples format (RDF NT) taken from the ORKG system on 14.02.2023 at 02:04PM. The dump can be imported into a virtuoso endpoint or any RDF engine so it can be queried. The questions/queries are provided as JSON files, also train and test files are provided for each of the sets.  Types...","Zenodo","2023-05-05T02:45:27.009000+00:00"
"https://huggingface.co/datasets/teknium/GPT4-LLM-Cleaned","teknium/GPT4-LLM-Cleaned · Datasets at Hugging Face",,,"2023-05-04T08:36:23.485000+00:00"
"https://github.com/MahmoudAshraf97/whisper-diarization","GitHub - MahmoudAshraf97/whisper-diarization: Automatic Speech Reco...","Automatic Speech Recognition with Speaker Diarization based on OpenAI Whisper - GitHub - MahmoudAshraf97/whisper-diarization: Automatic Speech Recognition with Speaker Diarization based on OpenAI W...","GitHub","2023-05-03T20:50:59.346000+00:00"
"https://www.kaggle.com/datasets/hijest/englishrussian-dictionary-for-machine-translate","English-Russian dictionary for machine translate","Test your knowledge in machine translation",,"2023-05-03T20:16:23.589000+00:00"
"https://www.kaggle.com/datasets/thoughtvector/customer-support-on-twitter","Customer Support on Twitter","Over 3 million tweets and replies from the biggest brands on Twitter",,"2023-05-03T20:14:16.992000+00:00"
"https://huggingface.co/datasets/spdenisov/tatoeba/blob/main/processed/blink.json","processed/blink.json · spdenisov/tatoeba at main",,,"2023-05-03T16:07:33.217000+00:00"
"https://huggingface.co/datasets/clips/20Q","clips/20Q · Datasets at Hugging Face",,,"2023-05-03T15:50:25.548000+00:00"
"https://huggingface.co/datasets/spdenisov/tatoeba","spdenisov/tatoeba · Datasets at Hugging Face",,,"2023-05-02T23:45:06.170000+00:00"
"https://huggingface.co/datasets/spdenisov/udt_alpaca","spdenisov/udt_alpaca · Datasets at Hugging Face",,,"2023-05-02T17:19:39.958000+00:00"
"https://huggingface.co/datasets/spdenisov/wsd_semcor","spdenisov/wsd_semcor · Datasets at Hugging Face",,,"2023-05-02T16:24:46.287000+00:00"
"https://huggingface.co/datasets/reasoning-machines/gsm-hard","reasoning-machines/gsm-hard · Datasets at Hugging Face",,,"2023-05-02T10:10:59.193000+00:00"
"https://huggingface.co/datasets/gsm8k","gsm8k · Datasets at Hugging Face",,,"2023-05-02T10:10:46.984000+00:00"
"https://huggingface.co/datasets/0x22almostEvil/multilingual-wikihow-qa-16k/","0x22almostEvil/multilingual-wikihow-qa-16k · Datasets at Hugging Face",,,"2023-05-01T16:42:23.105000+00:00"
"https://huggingface.co/datasets/bigcode/the-stack","bigcode/the-stack · Datasets at Hugging Face",,,"2023-05-01T11:43:32.672000+00:00"
"https://huggingface.co/datasets/allenai/lila","allenai/lila · Datasets at Hugging Face",,,"2023-05-01T02:37:46.585000+00:00"
"https://en.wikipedia.org/wiki/Automated_theorem_proving","Automated theorem proving","Automated theorem proving (also known as ATP or automated deduction) is a subfield of automated reasoning and mathematical logic dealing with proving mathematical theorems by computer programs.  Automated reasoning over mathematical proof was a major impetus for the development of computer science.",,"2023-04-29T21:23:24.829000+00:00"
"https://en.wikipedia.org/wiki/Peano_axioms","Peano axioms","In mathematical logic, the Peano axioms, also known as the Dedekind–Peano axioms or the Peano postulates, are axioms for the natural numbers presented by the 19th century Italian mathematician Giuseppe Peano. These axioms have been used nearly unchanged in a number of metamathematical investigations, including research into fundamental questions...",,"2023-04-29T21:16:03.594000+00:00"
"https://huggingface.co/datasets/yuzaboto/VioletSalvia/tree/main/v1","yuzaboto/VioletSalvia at main",,,"2023-04-28T21:07:59.504000+00:00"
"https://huggingface.co/datasets/yuzaboto/VioletSalvia","yuzaboto/VioletSalvia · Datasets at Hugging Face",,,"2023-04-27T22:44:36.302000+00:00"
"https://github.com/OpenLMLab/MOSS/blob/main/README_en.md","MOSS/README_en.md at main · OpenLMLab/MOSS","An open-source tool-augmented conversational language model from Fudan University - MOSS/README_en.md at main · OpenLMLab/MOSS","GitHub","2023-04-26T13:24:15.846000+00:00"
"https://objaverse.allenai.org/","Objaverse","Objaverse is a Massive Dataset of 800K+ Annotated 3D Objects",,"2023-04-26T10:31:43.466000+00:00"
"https://huggingface.co/datasets/MBZUAI/LaMini-instruction","MBZUAI/LaMini-instruction · Datasets at Hugging Face",,,"2023-04-26T05:16:29.848000+00:00"
"https://github.com/nlpxucan/WizardLM","GitHub - nlpxucan/WizardLM: WizardLM: Empowering Large Language Mod...","WizardLM: Empowering Large Language Models to Follow Complex Instructions - GitHub - nlpxucan/WizardLM: WizardLM: Empowering Large Language Models to Follow Complex Instructions","GitHub","2023-04-25T20:28:15.339000+00:00"
"https://huggingface.co/datasets/victor123/evol_instruct_70k","victor123/evol_instruct_70k · Datasets at Hugging Face",,,"2023-04-25T20:28:15.339000+00:00"
"https://huggingface.co/CyberTimon/chimera-7b-4bit-128g","CyberTimon/chimera-7b-4bit-128g · Hugging Face",,,"2023-04-25T16:23:19.800000+00:00"
"https://github.com/FreedomIntelligence/LLMZoo","GitHub - FreedomIntelligence/LLMZoo: ⚡LLM Zoo is a project that pro...","⚡LLM Zoo is a project that provides data, models, and evaluation benchmark for large language models.⚡ - GitHub - FreedomIntelligence/LLMZoo: ⚡LLM Zoo is a project that provides data, models, and e...","GitHub","2023-04-24T10:37:12.135000+00:00"
"https://huggingface.co/datasets/m8than/normalised_chatml_rwkvready/tree/main/preprocessed/summarisation","m8than/normalised_chatml_rwkvready at main",,,"2023-04-22T19:18:43.573000+00:00"
"https://huggingface.co/cl-tohoku/bert-large-japanese-char/blob/main/vocab.txt","vocab.txt · cl-tohoku/bert-large-japanese-char at main",,,"2023-04-20T18:55:02.533000+00:00"
"https://huggingface.co/datasets/togethercomputer/RedPajama-Data-1T","togethercomputer/RedPajama-Data-1T · Datasets at Hugging Face",,,"2023-04-19T12:22:29.958000+00:00"
"https://github.com/akoksal/LongForm","GitHub - akoksal/LongForm: Instruction Tuning Dataset and Models fo...","Instruction Tuning Dataset and Models for Long Text Generation with Corpus Extraction - GitHub - akoksal/LongForm: Instruction Tuning Dataset and Models for Long Text Generation with Corpus Extraction","GitHub","2023-04-18T17:35:02.084000+00:00"
"https://www.together.xyz/blog/redpajama","RedPajama, a project to create leading open-source models, starts b...","RedPajama is a project to create a set of leading, fully open-source models. Today, we are excited to announce the completion of the first step of this project: the reproduction of the LLaMA training dataset of over 1.2 trillion tokens.","TOGETHER","2023-04-17T21:32:13.378000+00:00"
"https://github.com/allenai/mmc4","GitHub - allenai/mmc4: MultimodalC4 is a multimodal extension of c4...","MultimodalC4 is a multimodal extension of c4 that interleaves millions of images with text. - GitHub - allenai/mmc4: MultimodalC4 is a multimodal extension of c4 that interleaves millions of images...","GitHub","2023-04-17T15:29:44.555000+00:00"
"https://huggingface.co/datasets/balisujohn/RWKV-oasst1/tree/main","balisujohn/RWKV-oasst1 at main",,,"2023-04-16T07:05:31.802000+00:00"
"https://github.com/google-research-datasets/presto","GitHub - google-research-datasets/presto: A Multilingual Dataset fo...","A Multilingual Dataset for Parsing Realistic Task-Oriented Dialogs - GitHub - google-research-datasets/presto: A Multilingual Dataset for Parsing Realistic Task-Oriented Dialogs","GitHub","2023-04-15T21:55:53.637000+00:00"
"https://huggingface.co/datasets/balisujohn/RWKV-oasst1","balisujohn/RWKV-oasst1 · Datasets at Hugging Face",,,"2023-04-15T23:48:56.932000+00:00"
"https://huggingface.co/datasets/m8than/normalised_chatml_rwkvready/tree/main","m8than/normalised_chatml_rwkvready at main",,,"2023-04-15T19:04:40.478000+00:00"
"https://huggingface.co/datasets/OpenAssistant/oasst1","OpenAssistant/oasst1 · Datasets at Hugging Face",,,"2023-04-15T17:03:12.527000+00:00"
"https://blog.wtf.sg/posts/2023-02-03-the-new-xor-problem/","The New XOR Problem","In 1969, Marvin Minsky and Seymour Papert published Perceptrons: An Introduction to Computational Geometry. In it, they showed that a single-layer perceptron cannot compute the XOR function. The main argument relies on linear separability: Perceptrons are linear classifiers, which essentially means drawing a line to separate input that would res...",,"2023-04-15T15:13:15.448000+00:00"
"https://github.com/nomic-ai/gpt4all/issues/363","Dataset Multiround Chat Formatting Issue · Issue #363 · nomic-ai/gp...","In the original dataset with 400k prompt generations, there was ""<//s>"" surrounding the text each time a user asked another question in a given chat. However, in the new dataset for...","GitHub","2023-04-15T11:14:47.284000+00:00"
"https://huggingface.co/datasets/Nebulous/gpt4all_pruned/blob/main/data_multiround_pruned_3.jsonl","data_multiround_pruned_3.jsonl · Nebulous/gpt4all_pruned at main",,,"2023-04-15T10:49:41.092000+00:00"
"https://huggingface.co/datasets/nomic-ai/gpt4all-j-prompt-generations","nomic-ai/gpt4all-j-prompt-generations · Datasets at Hugging Face",,,"2023-04-14T21:44:49.268000+00:00"
"https://github.com/openai/openai-python/blob/main/chatml.md","openai-python/chatml.md at main · openai/openai-python","The OpenAI Python library provides convenient access to the OpenAI API from applications written in the Python language. - openai-python/chatml.md at main · openai/openai-python","GitHub","2023-04-14T18:59:00.574000+00:00"
"https://huggingface.co/datasets/QingyiSi/Alpaca-CoT","QingyiSi/Alpaca-CoT · Datasets at Hugging Face",,,"2023-04-13T12:11:52.386000+00:00"
"https://github.com/teknium1/GPTeacher","GitHub - teknium1/GPTeacher: A collection of modular datasets gener...","A collection of modular datasets generated by GPT-4, General-Instruct - Roleplay-Instruct - Code-Instruct - and Toolformer - GitHub - teknium1/GPTeacher: A collection of modular datasets generated ...","GitHub","2023-04-13T11:37:32.859000+00:00"
"https://github.com/HLTCHKUST/Xpersona","GitHub - HLTCHKUST/Xpersona: XPersona: Evaluating Multilingual Pers...","XPersona: Evaluating Multilingual Personalized Chatbot - GitHub - HLTCHKUST/Xpersona: XPersona: Evaluating Multilingual Personalized Chatbot","GitHub","2023-04-13T05:24:16.481000+00:00"
"https://huggingface.co/datasets/lcw99/wikipedia-korean-20221001","lcw99/wikipedia-korean-20221001 · Datasets at Hugging Face",,,"2023-04-13T03:56:45.764000+00:00"
"https://huggingface.co/datasets/heegyu/namuwiki-extracted","heegyu/namuwiki-extracted · Datasets at Hugging Face",,,"2023-04-13T03:56:45.764000+00:00"
"https://huggingface.co/skt/kogpt2-base-v2","skt/kogpt2-base-v2 · Hugging Face",,,"2023-04-13T03:56:45.764000+00:00"
"https://twitter.com/EnricoShippole/status/1646232739383738374",,"Added conceptofmind niv2_fspot_clm to the @huggingface hub. This FLAN dataset is built for instruction causal language modeling. Improper encoding/decoding was further cleaned. A big thanks to @ShayneRedford for providing guidance. https://t.co/N4DuZmglzg",,"2023-04-12T19:55:19.723000+00:00"
"https://github.com/loda-lang/loda-programs/tree/main/oeis","loda-programs/oeis at main · loda-lang/loda-programs","LODA Programs for Integer Sequences. Contribute to loda-lang/loda-programs development by creating an account on GitHub.","GitHub","2023-04-12T19:07:37.205000+00:00"
"https://www.databricks.com/blog/2023/04/12/dolly-first-open-commercially-viable-instruction-tuned-llm","Free Dolly: Introducing the World's First Truly Open Instruction-Tu...","Two weeks ago, we re","Databricks","2023-04-12T17:20:10.793000+00:00"
"https://docs.google.com/forms/d/e/1FAIpQLSdq50O1x4dkdGI4dwsmchFuNI0KCWEDiKUYxvd0r0_sl6FfAQ/viewform","Accessing the ROOTS corpus","The ROOTS corpus was developed during the BigScience workshop for the purpose of training the Multilingual Large Language Model BLOOM.

The BigScience workshop was a value-informed 1.5-year long project bringing together researchers from 60 countries to train a multilingual LLM and more generally enable research on the technical and social aspec...","Google Docs","2023-04-11T08:23:53.744000+00:00"
"https://huggingface.co/BlinkDL/rwkv-4-raven","BlinkDL/rwkv-4-raven · Hugging Face",,,"2023-04-10T20:20:40.765000+00:00"
"https://twitter.com/moyix/status/1644355889602654210",,"Here's a dataset of 104,277 C/C++ functions with:
1) Ghidra decompilation
2) Summaries from CodeGen-16B
3) Summaries and tags from GPT-3.5-Turbo
https://t.co/qKJOsRu4ug",,"2023-04-10T00:14:34.515000+00:00"
"https://huggingface.co/datasets/anon8231489123/ShareGPT_Vicuna_unfiltered","anon8231489123/ShareGPT_Vicuna_unfiltered · Datasets at Hugging Face",,,"2023-04-08T01:20:36.026000+00:00"
"https://www.federalreserve.gov/monetarypolicy/fomc_historical.htm","The Fed - Transcripts and other historical materials","The Federal Reserve Board of Governors in Washington DC.","Board of Governors of the Federal Reserve System","2023-04-07T23:41:52.980000+00:00"
"https://www.marketplace.org/shows/marketplace/a-month-after-svb-are-banks-lending/amp/","A month after SVB, are banks lending?","Banks appear to be pulling back on making loans. Plus, what we can learn from the track record of the secretary of labor nominee.","Marketplace","2023-04-07T23:36:46.123000+00:00"
"https://www.marketplace.org/","Business News & Economic Stories For Everyone","Marketplace raises the economic intelligence of the country through the unorthodox story, casual conversations and unexpected angles on the news.","Marketplace","2023-04-07T23:33:03.823000+00:00"
"https://onbeing.org/series/poetry-unbound/","Poetry Unbound","Your new ritual, in podcast form: Immerse yourself in a single poem, guided by Pádraig Ó Tuama.","The On Being Project","2023-04-07T23:29:38.819000+00:00"
"https://onbeing.org/blog/","The On Being Project","Pursuing deep thinking and moral imagination, social courage and joy, to renew inner life, outer life, and life together. A nonprofit media and public life initiative.","The On Being Project","2023-04-07T23:27:25.058000+00:00"
"https://onbeing.org/","The On Being Project","Emergence: a season of big, new, beautiful On Being conversations is here.","The On Being Project","2023-04-07T23:27:00.687000+00:00"
"https://www.radiofrance.fr/","Radio France | Écoutez en ligne vos radios","Retrouvez les radios en direct et replay, les podcasts originaux et la musique de France Inter, franceinfo, France Bleu, France Culture, France Musique, Fip, Mouv'. Écoutez en ligne tous les programmes de Radio France.","Radio France","2023-04-07T22:55:29.502000+00:00"
"https://www3.nhk.or.jp/news/","NHK NEWS WEB｜NHKのニュースサイト","NHKのニュースサイト「NHK NEWS WEB」。国内外の取材網を生かし、さまざまな分野のニュースをいち早く、正確にお伝えします。ニュース速報はもちろん、現場の記者が執筆した読み応えのある特集記事や、ＮＨＫならではの豊富な動画コンテンツも。","NHK NEWS WEB","2023-04-07T22:55:29.502000+00:00"
"https://www.bbc.com/travel/article/20230313-the-slowest-train-journey-in-india","The slowest train journey in India","Nobody uses the Nilgiri Mountain Railway to get from A to B, but for the sheer joy of riding in a train that passes through 16 tunnels, 250 bridges and 208 serpentine curves.",,"2023-04-07T22:51:56.760000+00:00"
"https://www.bbc.com/","BBC - Homepage",,,"2023-04-07T22:50:46.785000+00:00"
"https://freakonomics.com/","Freakonomics","The hidden side of everything","Freakonomics","2023-04-07T22:13:27.554000+00:00"
"https://a16z.com/content/","Content | Andreessen Horowitz","…","Andreessen Horowitz","2023-04-07T19:22:29.381000+00:00"
"https://apnews.com/","Associated Press News: Breaking News | Latest News Today","Stay informed and read the latest news today from The Associated Press, the definitive source for independent journalism from every corner of the globe.","AP NEWS","2023-04-07T18:45:51.163000+00:00"
"https://www.ted.com/","TED: Ideas worth spreading","TED Talks are influential videos from expert speakers on education, business, science, tech and creativity, with subtitles in 100+ languages. Ideas free to stream and download.",,"2023-04-07T18:38:44.838000+00:00"
"https://hyperallergic.com/","Homepage","A forum for serious, playful, and radical thinking about art in the world today. Founded in 2009, Hyperallergic is headquartered in Brooklyn, New York.","Hyperallergic","2023-04-07T18:35:22.940000+00:00"
"https://aeon.co/","Aeon | a world of ideas","Aeon is a magazine of ideas and culture. We publish in-depth essays, incisive articles, and a mix of original and curated videos — free to all.","Aeon","2023-04-07T18:23:05.447000+00:00"
"https://psyche.co/","Psyche | on the human condition","Psyche is a digital magazine from Aeon that illuminates the human condition through psychology, philosophy and the arts.","Psyche","2023-04-07T18:23:05.447000+00:00"
"https://www.youtube.com/watch?v=Hi6cbeBY2oQ","OpenAssistant First Models are here! (Open-Source ChatGPT)","#openassistant #chatgpt #gpt4

https://open-assistant.io/chat
https://huggingface.co/OpenAssistant
https://github.com/LAION-AI/Open-Assistant

Links:
Homepage: https://ykilcher.com
Merch: https://ykilcher.com/merch
YouTube: https://www.youtube.com/c/yannickilcher
Twitter: https://twitter.com/ykilcher
Discord: https://ykilcher.com/discord
LinkedI...","YouTube","2023-04-07T11:34:59.846000+00:00"
"https://github.com/Instruction-Tuning-with-GPT-4/GPT-4-LLM","GitHub - Instruction-Tuning-with-GPT-4/GPT-4-LLM","Contribute to Instruction-Tuning-with-GPT-4/GPT-4-LLM development by creating an account on GitHub.","GitHub","2023-04-07T02:51:17.952000+00:00"
"https://www.asciiart.eu/","ASCII Art Archive","A large collection of ASCII art drawings and other related ASCII art pictures.","ASCII Art Archive","2023-04-06T21:36:24.229000+00:00"
"https://www.jw.org/en/bible-teachings/","Bible Teachings & Bible Study Topics | JW.ORG","The Bible offers the best possible advice on life’s most difficult questions. Find out how practical the Bible really is by selecting a topic that interests you.","JW.ORG","2023-04-06T19:55:41.123000+00:00"
"https://www.jw.org/en/library/","Library of Publications | JW.ORG","Browse our library of magazines, ebooks, videos, music, and more.  Bible-based publications are available in hundreds of languages, including sign languages.","JW.ORG","2023-04-06T19:52:45.447000+00:00"
"https://en.m.wikipedia.org/wiki/Church_of_Satan","Church of Satan","The Church of Satan is a religious organization dedicated to the religion of LaVeyan Satanism as codified in The Satanic Bible. The Church of Satan was established at the Black House in San Francisco, California, on Walpurgisnacht, April 30, 1966, by Anton Szandor LaVey, who was the church's High Priest until his death in 1997. In 2001, Peter H....",,"2023-04-06T19:12:29.794000+00:00"
"https://www.churchofsatan.com/","Official Church of Satan Website - churchofsatan.com","Welcome to the official website of the Church of Satan. Founded on April 30, 1966 c.e. by Anton Szandor LaVey, we are the first above-ground organization in history openly dedicated to the acceptance of Man's true nature-that of a carnal beast, living in a cosmos that is indifferent to our existence.","Church of Satan","2023-04-06T19:11:58.435000+00:00"
"https://free.law/recap","RECAP Suite — Turning PACER Around Since 2009","RECAP is an online archive and free extension for Firefox, Chrome and Safari that improves the experience of using PACER, the electronic public access system for the U.S. Federal District and Bankruptcy Courts. Once installed, every docket or PDF you purchase on PACER will be added to the [RECAP Archive][archive]. Anything somebody else has adde...","Free Law Project","2023-04-06T19:06:23.098000+00:00"
"https://winstonchurchill.org/","Home Page",,"International Churchill Society","2023-04-06T01:50:08.006000+00:00"
"https://www.americanrhetoric.com/","American Rhetoric: The Power of Oratory in the United States","Site dedicated to Public Rhetoric, political, social, movie and religious speeches and related concepts of and exercises in rhetoric.",,"2023-04-06T01:21:11.475000+00:00"
"https://supreme.justia.com/","U.S. Supreme Court Center","United States Supreme Court Opinions","Justia Law","2023-04-06T01:11:25.606000+00:00"
"https://www.law.cornell.edu/","Welcome to LII",,"LII / Legal Information Institute","2023-04-06T01:09:20.852000+00:00"
"https://www.cia.gov/the-world-factbook/","The World Factbook - The World Factbook","CIA’s World Factbook is your authoritative source on the world’s countries, territories, oceans, and more. Explore world facts at your fingertips.",,"2023-04-06T01:07:54.888000+00:00"
"https://iep.utm.edu/","Welcome",,"Internet Encyclopedia of Philosophy","2023-04-06T01:04:43.413000+00:00"
"https://www.folger.edu/explore/shakespeares-works/","Shakespeare's works | Folger Shakespeare Library","Read, search, and download the complete works of William Shakespeare for free. Learn about plot, characters, and language in Shakespeare plays and poems.",,"2023-04-06T00:48:28.790000+00:00"
"https://www.papalencyclicals.net/document-directory","Document Directory - Papal Encyclicals","An Index of the Church Councils can be found at the bottom of this page or clicking on the menu link above. Click on the link on the Popes name.","Papal Encyclicals","2023-04-06T00:24:35.240000+00:00"
"https://www.papalencyclicals.net/","The Papal Encyclicals Online","“The Papal Encyclicals 1740-1981” published by Pierian Press. For several years, St. Michael’s Depot included these documents.","Papal Encyclicals","2023-04-06T00:17:21.688000+00:00"
"https://huggingface.co/datasets/hakurei/open-instruct-v1","hakurei/open-instruct-v1 · Datasets at Hugging Face",,,"2023-04-10T19:36:33.516000+00:00"
"https://github.com/project-baize/baize","GitHub - project-baize/baize: Baize is an open-source chatbot train...","Baize is an open-source chatbot trained with ChatGPT self-chatting data, developed by researchers at UCSD and Sun Yat-sen University. - GitHub - project-baize/baize: Baize is an open-source chatbot...","GitHub","2023-04-04T17:26:46.766000+00:00"
"https://github.com/yizhongw/self-instruct/tree/main/data/finetuning/self_instruct_221203","self-instruct/data/finetuning/self_instruct_221203 at main · yizhon...","Aligning pretrained language models with instruction data generated by themselves. - self-instruct/data/finetuning/self_instruct_221203 at main · yizhongw/self-instruct","GitHub","2023-04-04T11:44:43.121000+00:00"
"https://huggingface.co/datasets/RyokoAI/CNNovel125K","RyokoAI/CNNovel125K · Datasets at Hugging Face",,,"2023-04-04T03:23:02.996000+00:00"
"https://huggingface.co/datasets/Nebulous/gpt4all_pruned/tree/main","Nebulous/gpt4all_pruned at main",,,"2023-04-03T23:30:11.407000+00:00"
"https://huggingface.co/datasets/RyokoAI/ScribbleHub17K","RyokoAI/ScribbleHub17K · Datasets at Hugging Face",,,"2023-04-03T23:01:42.625000+00:00"
"https://drive.google.com/file/d/1F121M9f2LNy6RgXWlFBSSm626LWzfAvR/view?usp=sharing","vi_all_merged.json",,"Google Docs","2023-04-03T15:12:17.354000+00:00"
"https://github.com/lm-sys/FastChat/issues/90","Can you release the sharegpt dataset? · Issue #90 · lm-sys/FastChat","I am wandering can the sharegpt data be released?","GitHub","2023-04-02T21:45:51.279000+00:00"
"https://huggingface.co/datasets/cryscan/multilingual-share","cryscan/multilingual-share · Datasets at Hugging Face",,,"2023-04-02T16:29:40.668000+00:00"
"https://github.com/RWKV-Wiki/MultilingualShareGPT","GitHub - RWKV-Wiki/MultilingualShareGPT: MultilingualShareGPT, the ...","MultilingualShareGPT, the free multi-language corpus for LLM training - GitHub - RWKV-Wiki/MultilingualShareGPT: MultilingualShareGPT, the free multi-language corpus for LLM training","GitHub","2023-04-02T11:40:44.096000+00:00"
"https://huggingface.co/datasets/RyokoAI/ShareGPT52K","RyokoAI/ShareGPT52K · Datasets at Hugging Face",,,"2023-04-01T20:14:52.678000+00:00"
"https://github.com/radi-cho/botbots/","GitHub - radi-cho/botbots: A dataset featuring diverse dialogues be...","A dataset featuring diverse dialogues between two ChatGPT (gpt-3.5-turbo) instances with system messages written by GPT-4. Covering various contexts and tasks (task-oriented dialogue systems, abstr...","GitHub","2023-04-01T18:41:40.622000+00:00"
"https://github.com/lm-sys/FastChat/blob/main/docs/commands/data_cleaning.md","FastChat/data_cleaning.md at main · lm-sys/FastChat","The release repo for ""Vicuna: An Open Chatbot Impressing GPT-4"" - FastChat/data_cleaning.md at main · lm-sys/FastChat","GitHub","2023-04-02T21:45:51.279000+00:00"
"https://vicuna.lmsys.org/","Vicuna: An Open-Source Chatbot Impressing GPT-4 with 90%* ChatGPT Q...","by the Team with members from UC Berkeley, CMU, Stanford, and UC San Diego","Vicuna: An Open-Source Chatbot Impressing GPT-4 with 90%* ChatGPT Quality","2023-03-31T10:40:36.144000+00:00"
"https://github.com/domeccleston/sharegpt/issues/71","Method not allowed : curl -X GET ""https://sharegpt.com/api/conversa...","GET /api/conversations (for fetching conversations) Can you open it?","GitHub","2023-03-31T08:31:46.696000+00:00"
"https://github.com/domeccleston/sharegpt","GitHub - domeccleston/sharegpt: Easily share permanent links to Cha...","Easily share permanent links to ChatGPT conversations with your friends - GitHub - domeccleston/sharegpt: Easily share permanent links to ChatGPT conversations with your friends","GitHub","2023-03-31T05:38:12.541000+00:00"
"https://huggingface.co/datasets/Nebulous/gpt4all_pruned/blob/main/data_pruned_3.jsonl","data_pruned_3.jsonl · Nebulous/gpt4all_pruned at main",,,"2023-03-31T01:19:06.221000+00:00"
"https://github.com/RyokoAI/BigKnow2022","GitHub - RyokoAI/BigKnow2022: BigKnow2022: Bringing Language Models...","BigKnow2022: Bringing Language Models Up to Speed. Contribute to RyokoAI/BigKnow2022 development by creating an account on GitHub.","GitHub","2023-03-30T03:17:44.587000+00:00"
"https://tenor.com/view/smart-thinking-thoughts-think-ponder-gif-7713620",,,"Tenor","2023-03-29T13:14:49.258000+00:00"
"https://github.com/nomic-ai/gpt4all","GitHub - nomic-ai/gpt4all: gpt4all: a chatbot trained on a massive ...","gpt4all: a chatbot trained on a massive collection of clean assistant data including code, stories and dialogue - GitHub - nomic-ai/gpt4all: gpt4all: a chatbot trained on a massive collection of cl...","GitHub","2023-03-28T23:25:14.327000+00:00"
"https://docs.google.com/spreadsheets/d/1NYYa6vHiRnk5kwnyYaCT0cBO62--Tm3w4ihdBtp4ISk/edit","OA Data Augmentation Status","Datasets

Status,GH Issue,Location of Processed Dataset,Code Location,Owner,License,Notes
summary <-> fulltext,Done,https://huggingface.co/datasets/MyloBishop/reverse_summarization_dataset,Jordine/Andreas/Chris...","Google Docs","2023-03-28T15:59:11.907000+00:00"
"https://codeberg.org/xloem/commitdata","commitdata",,"Codeberg.org","2023-03-27T11:09:15.832000+00:00"
"https://huggingface.co/datasets/RyokoAI/Fandom23K","RyokoAI/Fandom23K · Datasets at Hugging Face",,,"2023-03-20T20:56:04.106000+00:00"
"https://arxiv.org/abs/2303.09540","SemDeDup: Data-efficient learning at web-scale through semantic ded...","Progress in machine learning has been driven in large part by massive
increases in data. However, large web-scale datasets such as LAION are largely
uncurated beyond searches for exact duplicates, potentially leaving much
redundancy. Here, we introduce SemDeDup, a method which leverages embeddings
from pre-trained models to identify and remove s...","arXiv.org","2023-03-17T18:19:25.498000+00:00"
"https://huggingface.co/spaces/togethercomputer/OpenChatKit","OpenChatKit - a Hugging Face Space by togethercomputer",,,"2023-03-14T09:29:02.839000+00:00"
"https://laion.ai/blog/oig-dataset/","The OIG Dataset | LAION","The Open Instruction Generalist (OIG) dataset is a large open source instruction dataset that curr...",,"2023-03-14T09:29:02.839000+00:00"
"https://github.com/LAION-AI/Open-Assistant/issues/1888**","Issues · LAION-AI/Open-Assistant","OpenAssistant is a chat-based assistant that understands tasks, can interact with third-party systems, and retrieve information dynamically to do so. - Issues · LAION-AI/Open-Assistant","GitHub","2023-02-25T23:42:04.245000+00:00"
"https://huggingface.co/datasets/stanfordnlp/SHP","stanfordnlp/SHP · Datasets at Hugging Face",,,"2023-02-25T23:06:50.398000+00:00"
"https://arxiv.org/abs/2208.01009","Few-shot Adaptation Works with UnpredicTable Data","Prior work on language models (LMs) shows that training on a large number of
diverse tasks improves few-shot learning (FSL) performance on new tasks. We
take this to the extreme, automatically extracting 413,299 tasks from internet
tables - orders of magnitude more than the next-largest public datasets.
Finetuning on the resulting dataset leads ...","arXiv.org","2023-02-25T02:46:07.708000+00:00"
"https://github.com/yuxdux/kinda-llama/blob/main/README.md","kinda-llama/README.md at main · yuxdux/kinda-llama","An open-source replication and modification of the Meta AI's LLAMA dataset - kinda-llama/README.md at main · yuxdux/kinda-llama","GitHub","2023-02-25T02:02:17.371000+00:00"
"https://github.com/EleutherAI/stackexchange-dataset","GitHub - EleutherAI/stackexchange-dataset: Python tools for process...","Python tools for processing the stackexchange data dumps into a text dataset for Language Models - GitHub - EleutherAI/stackexchange-dataset: Python tools for processing the stackexchange data dump...","GitHub","2023-02-25T00:59:50.019000+00:00"
"https://github.com/shyamupa/wikidump_preprocessing","GitHub - shyamupa/wikidump_preprocessing: Extracting useful metadat...","Extracting useful metadata from Wikipedia dumps in any language. - GitHub - shyamupa/wikidump_preprocessing: Extracting useful metadata from Wikipedia dumps in any language.","GitHub","2023-02-25T00:59:32.655000+00:00"
"https://github.com/singletongue/wikipedia-utils","GitHub - singletongue/wikipedia-utils: Utility scripts for preproce...","Utility scripts for preprocessing Wikipedia texts for NLP - GitHub - singletongue/wikipedia-utils: Utility scripts for preprocessing Wikipedia texts for NLP","GitHub","2023-02-25T00:59:32.655000+00:00"
"https://github.com/siznax/wptools","GitHub - siznax/wptools: Wikipedia tools (for Humans): easily extra...","Wikipedia tools (for Humans): easily extract data from Wikipedia, Wikidata, and other MediaWikis - GitHub - siznax/wptools: Wikipedia tools (for Humans): easily extract data from Wikipedia, Wikidat...","GitHub","2023-02-25T00:59:32.655000+00:00"
"https://github.com/EleutherAI/the-pile/blob/master/processing_scripts/dedupe_train.py","the-pile/dedupe_train.py at master · EleutherAI/the-pile","Contribute to EleutherAI/the-pile development by creating an account on GitHub.","GitHub","2023-02-25T00:59:03.062000+00:00"
"https://commoncrawl.org/the-data/get-started/","So you’re ready to get started.",,"Common Crawl","2023-02-25T00:59:03.062000+00:00"
"https://github.com/facebookresearch/cc_net","GitHub - facebookresearch/cc_net: Tools to download and cleanup Com...","Tools to download and cleanup Common Crawl data. Contribute to facebookresearch/cc_net development by creating an account on GitHub.","GitHub","2023-02-25T00:59:03.062000+00:00"
"https://huggingface.co/datasets/allenai/c4","allenai/c4 · Datasets at Hugging Face",,,"2023-02-25T00:59:03.062000+00:00"
"https://huggingface.co/datasets/codeparrot/github-code","codeparrot/github-code · Datasets at Hugging Face",,,"2023-02-25T00:59:03.062000+00:00"
"https://huggingface.co/datasets/allenai/soda","allenai/soda · Datasets at Hugging Face",,,"2023-02-23T18:56:33.634000+00:00"
"https://huggingface.co/datasets/SirNeural/flan_v2","SirNeural/flan_v2 · Datasets at Hugging Face",,,"2023-02-18T00:02:49.428000+00:00"
"https://github.com/asigalov61/Tegridy-MIDI-Dataset","GitHub - asigalov61/Tegridy-MIDI-Dataset: Tegridy MIDI Dataset for ...","Tegridy MIDI Dataset for precise and effective Music AI models creation. - GitHub - asigalov61/Tegridy-MIDI-Dataset: Tegridy MIDI Dataset for precise and effective Music AI models creation.","GitHub","2023-02-15T04:52:43.688000+00:00"
"https://huggingface.co/datasets/irc_disentangle","irc_disentangle · Datasets at Hugging Face",,,"2023-02-13T18:15:45.186000+00:00"
"https://github.com/Muennighoff/FLAN/blob/main/prepare_datasets.py","FLAN/prepare_datasets.py at main · Muennighoff/FLAN","Provides a minimal implementation to extract FLAN datasets for further processing - FLAN/prepare_datasets.py at main · Muennighoff/FLAN","GitHub","2023-02-08T01:22:43.740000+00:00"
"https://huggingface.co/datasets/Muennighoff/flan","Muennighoff/flan · Datasets at Hugging Face",,,"2023-02-08T01:10:00.625000+00:00"
"https://github.com/google-research/FLAN/tree/main/flan/v2","FLAN/flan/v2 at main · google-research/FLAN","Contribute to google-research/FLAN development by creating an account on GitHub.","GitHub","2023-02-07T13:24:16.139000+00:00"
"https://github.com/BlinkDL/RWKV-LM/tree/main/RWKV-v4neo","RWKV-LM/RWKV-v4neo at main · BlinkDL/RWKV-LM","RWKV is a RNN with transformer-level LLM performance. It can be directly trained like a GPT (parallelizable). So it&#39;s combining the best of RNN and transformer - great performance, fast inf...","GitHub","2023-02-01T15:24:12.180000+00:00"
"https://huggingface.co/spaces/CarperAI/pile-v2-eda","Pile V2 EDA - a Hugging Face Space by CarperAI",,,"2023-01-30T12:51:35.208000+00:00"
"https://github.com/huggingface/olm-datasets","GitHub - huggingface/olm-datasets: Pipeline for pulling and process...","Pipeline for pulling and processing online language model pretraining data from the web - GitHub - huggingface/olm-datasets: Pipeline for pulling and processing online language model pretraining da...","GitHub","2023-01-30T12:45:52.084000+00:00"
"https://huggingface.co/datasets/bigscience/xP3all/viewer/en/train","bigscience/xP3all · Datasets at Hugging Face",,,"2023-01-21T00:26:41.781000+00:00"
"https://zenodo.org/record/7744048#.ZFRshHYpBCQ",,,,"2023-05-05T02:45:27.009000+00:00"
"https://tatoeba.org/en/sentences/show/737740",,,,"2023-05-02T23:44:40.789000+00:00"
"https://tatoeba.org/en/sentences/show/682146",,,,"2023-05-02T23:43:19.737000+00:00"
"https://universaldependencies.org/",,,,"2023-05-02T17:20:39.918000+00:00"
"https://coq.inria.fr/",,,,"2023-04-29T21:20:49.726000+00:00"
"https://arxiv.org/pdf/2304.13835.pdf",,,,"2023-04-29T18:00:44.258000+00:00"
"https://discord.com/channels/992359628979568762/992362722035507270/1101555966132109432",,,,"2023-04-29T12:33:06.803000+00:00"
"https://github.com/octu0/aozoraconv",,,,"2023-04-21T11:00:14.487000+00:00"
"https://github.com/aozorahack/aozorabunko_text.git",,,,"2023-04-21T11:00:14.487000+00:00"
"https://dialogfeedback.github.io/data.html",,,,"2023-04-20T21:58:46.621000+00:00"
"https://www.aozora.gr.jp/index_pages/person_all_all.html",,,,"2023-04-20T17:30:20.592000+00:00"
"https://drive.google.com/drive/u/0/folders/1Hvs9yVFu4kfrD-rKKwibg6pJwQANXNvd",,,,"2023-04-20T17:30:20.592000+00:00"
"https://github.com/togethercomputer/RedPajama-Data",,,,"2023-04-17T14:52:13.668000+00:00"
"https://discord.com/channels/992359628979568762/992359629419991142/1096773731063439371",,,,"2023-04-16T01:57:37.502000+00:00"
"https://discord.com/channels/992359628979568762/1096784560643113092/1096876956122882120",,,,"2023-04-15T19:23:35.956000+00:00"
"https://github.com/nomic-ai/gpt4all/issues",,,,"2023-04-15T11:04:50.977000+00:00"
"https://arxiv.org/pdf/2303.12712.pdf",,,,"2023-04-15T00:11:42.693000+00:00"
"https://pypi.org/project/cloudscraper/",,,,"2023-04-13T18:35:43.854000+00:00"
"https://namu.news",,,,"2023-04-13T15:44:24.868000+00:00"
"https://huggingface.co/datasets/Bingsu/ko_alpaca_data.",,,,"2023-04-13T03:56:45.764000+00:00"
"https://github.com/databrickslabs/dolly/tree/master/data",,,,"2023-04-12T13:46:13.335000+00:00"
"https://huggingface.co/datasets/anon8231489123/ShareGPT_Vicuna_unfiltered/blob/main/ShareGPT_V3_unfiltered_cleaned_split_no_imsorry.json",,,,"2023-04-12T05:36:44.556000+00:00"
"https://huggingface.co/datasets/anon8231489123/ShareGPT_Vicuna_unfiltered/blob/main/ShareGPT_V3_unfiltered_cleaned_split.json",,,,"2023-04-12T05:36:44.556000+00:00"
"https://huggingface.co/datasets/fka/awesome-chatgpt-prompts",,,,"2023-04-10T20:14:54.859000+00:00"
"https://huggingface.co/datasets/RyokoAI/ShareGPT52K/tree/main",,,,"2023-04-10T19:43:25.377000+00:00"
"https://huggingface.co/datasets/JosephusCheung/GuanacoDataset",,,,"2023-04-10T19:42:43.895000+00:00"
"https://discord.com/channels/992359628979568762/1094251882706382908",,,,"2023-04-09T11:44:49.863000+00:00"
"https://archive.org/details/FanficRepack_Redux",,,,"2023-04-09T07:36:45.527000+00:00"
"https://lareviewofbooks.org",,,,"2023-04-09T07:00:08.988000+00:00"
"https://www.lrb.co.uk",,,,"2023-04-09T06:59:32.847000+00:00"
"https://hazlitt.net",,,,"2023-04-09T06:58:15.572000+00:00"
"https://emergencemagazine.org",,,,"2023-04-09T06:56:44.672000+00:00"
"https://theamericanscholar.org",,,,"2023-04-09T06:54:12.009000+00:00"
"https://bittersoutherner.com",,,,"2023-04-09T06:52:56.895000+00:00"
"https://www.theringer.com",,,,"2023-04-09T06:52:03.135000+00:00"
"https://texashighways.com",,,,"2023-04-09T06:50:57.604000+00:00"
"https://orionmagazine.org",,,,"2023-04-09T06:49:48.850000+00:00"
"https://www.motherjones.com",,,,"2023-04-09T06:48:25.515000+00:00"
"https://www.esquire.com",,,,"2023-04-09T06:33:14.459000+00:00"
"https://www.rollingstone.com",,,,"2023-04-09T06:32:28.124000+00:00"
"https://www.eater.com",,,,"2023-04-09T06:31:20.289000+00:00"
"https://chicagoreader.com",,,,"2023-04-09T06:28:21.765000+00:00"
"https://www.chicagomag.com",,,,"2023-04-09T06:28:21.765000+00:00"
"https://www.dmagazine.com",,,,"2023-04-09T06:28:21.765000+00:00"
"https://www.atlantamagazine.com",,,,"2023-04-09T06:28:21.765000+00:00"
"https://www.lamag.com",,,,"2023-04-09T06:28:21.765000+00:00"
"https://bitcoinmagazine.com",,,,"2023-04-09T06:24:43.518000+00:00"
"https://wtf1971.com",,,,"2023-04-09T06:22:34.592000+00:00"
"https://www.chicagoreview.org",,,,"2023-04-09T06:21:43.676000+00:00"
"https://www.runnersworld.com",,,,"2023-04-09T06:17:37.504000+00:00"
"https://pitchfork.com",,,,"2023-04-09T06:16:21.912000+00:00"
"https://asteriskmag.com",,,,"2023-04-09T06:15:22.375000+00:00"
"https://thewalrus.ca",,,,"2023-04-09T06:14:28.287000+00:00"
"https://thebaffler.com",,,,"2023-04-09T06:13:16.988000+00:00"
"https://www.nplusonemag.com",,,,"2023-04-09T06:11:13.180000+00:00"
"https://www.texasmonthly.com",,,,"2023-04-09T06:09:42.456000+00:00"
"https://hakaimagazine.com",,,,"2023-04-09T06:08:57.895000+00:00"
"https://www.theinformation.com",,,,"2023-04-09T06:07:49.874000+00:00"
"https://wellcome.org/what-we-do/our-work/mosaic-has-now-closed",,,,"2023-04-09T06:05:31.708000+00:00"
"https://web.archive.org/web/20230000000000*/www.mosaicscience.com",,,,"2023-04-09T06:05:06.874000+00:00"
"https://www.atlasobscura.com",,,,"2023-04-09T06:03:03.425000+00:00"
"https://www.poetryfoundation.org/poetrymagazine",,,,"2023-04-09T05:59:04.831000+00:00"
"https://theconversation.com/",,,,"2023-04-09T05:57:20.602000+00:00"
"https://therumpus.net",,,,"2023-04-09T05:55:58.684000+00:00"
"https://psmag.com",,,,"2023-04-09T05:54:46.306000+00:00"
"https://grist.org",,,,"2023-04-09T05:53:30.205000+00:00"
"https://www.guernicamag.com",,,,"2023-04-09T05:52:26.790000+00:00"
"https://www.propublica.org",,,,"2023-04-09T05:51:24.470000+00:00"
"https://magazine.atavist.com/archive/",,,,"2023-04-09T05:50:07.924000+00:00"
"https://www.motortrend.com",,,,"2023-04-09T05:44:49.818000+00:00"
"https://www.caranddriver.com",,,,"2023-04-09T05:44:49.818000+00:00"
"https://www.roadandtrack.com",,,,"2023-04-09T05:44:49.818000+00:00"
"https://youtube.com/@OxfordUnion",,,,"2023-04-09T05:38:17.210000+00:00"
"https://www.harpersbazaar.com",,,,"2023-04-09T05:33:11.313000+00:00"
"https://harpers.org",,,,"2023-04-09T05:30:36.065000+00:00"
"https://www.theatlantic.com",,,,"2023-04-09T05:28:59.690000+00:00"
"https://www.economist.com",,,,"2023-04-09T05:16:58.223000+00:00"
"https://www.politico.com",,,,"2023-04-09T05:16:16.490000+00:00"
"https://www.wilsonquarterly.com",,,,"2023-04-09T05:13:34.100000+00:00"
"https://www.wsj.com",,,,"2023-04-09T05:05:32.078000+00:00"
"https://www.ft.com",,,,"2023-04-09T05:05:32.078000+00:00"
"https://www.bloomberg.com<",,,,"2023-04-09T05:05:32.078000+00:00"
"https://www.nytimes.com/section/magazine",,,,"2023-04-09T05:01:22.884000+00:00"
"https://nymag.com",,,,"2023-04-09T05:00:27.740000+00:00"
"https://www.nationalreview.com",,,,"2023-04-09T04:58:22.840000+00:00"
"https://foreignpolicy.com",,,,"2023-04-09T04:56:15.575000+00:00"
"https://www.foreignaffairs.com",,,,"2023-04-09T04:53:26.663000+00:00"
"https://www.tabletmag.com",,,,"2023-04-09T04:52:39.455000+00:00"
"https://www.thebellows.org",,,,"2023-04-09T04:50:43.144000+00:00"
"https://www.thenation.com",,,,"2023-04-09T04:49:15.487000+00:00"
"https://newrepublic.com",,,,"2023-04-09T04:47:30.266000+00:00"
"https://www.the-tls.co.uk",,,,"2023-04-09T04:43:44.144000+00:00"
"https://www.dissentmagazine.org",,,,"2023-04-09T04:40:05.480000+00:00"
"https://www.chronicle.com",,,,"2023-04-09T04:38:31.899000+00:00"
"https://www.spectator.co.uk",,,,"2023-04-09T04:36:04.348000+00:00"
"https://compactmag.com",,,,"2023-04-09T04:33:36.679000+00:00"
"https://archive.today",,,,"2023-04-09T04:24:18.093000+00:00"
"https://www.newyorker.com",,,,"2023-04-09T04:20:10.173000+00:00"
"https://quillette.com",,,,"2023-04-09T04:17:08.301000+00:00"
"https://www.un.org/securitycouncil/content/security-council-documents",,,,"2023-04-09T00:46:10.936000+00:00"
"https://www.bailii.org/",,,,"2023-04-09T00:02:27.754000+00:00"
"https://www.theamericanconservative.com/",,,,"2023-04-08T23:06:28.659000+00:00"
"https://www.firstthings.com",,,,"2023-04-08T22:59:35.143000+00:00"
"https://www.bostonreview.net/tag/interview/",,,,"2023-04-08T22:46:38.522000+00:00"
"https://www.bostonreview.net/forum/industrial-policys-comeback",,,,"2023-04-08T22:36:51.753000+00:00"
"https://aperture.org",,,,"2023-04-08T22:32:26.345000+00:00"
"https://www.bostonreview.net",,,,"2023-04-08T22:28:57.179000+00:00"
"https://beckerguides.wustl.edu/c.php?g=1049377&p=7616097",,,,"2023-04-08T22:09:16.804000+00:00"
"https://www.ssrn.com/index.cfm/en/",,,,"2023-04-08T22:06:38.917000+00:00"
"https://www.nber.org",,,,"2023-04-08T22:05:19.852000+00:00"
"https://knowledge.wharton.upenn.edu",,,,"2023-04-08T22:01:53.021000+00:00"
"https://www.mckinsey.com/quarterly/overview",,,,"2023-04-08T21:58:13.326000+00:00"
"https://www.theguardian.com/",,,,"2023-04-08T17:30:56.097000+00:00"
"https://daily.jstor.org/",,,,"2023-04-08T17:29:33.459000+00:00"
"https://www.smithsonianmag.com/",,,,"2023-04-08T17:28:20.382000+00:00"
"https://www.laphamsquarterly.org/",,,,"2023-04-08T17:25:26.305000+00:00"
"https://www.supremecourt.gov/oral_arguments/argument_transcript/2022",,,,"2023-04-08T16:12:21.316000+00:00"
"https://www.fpri.org/",,,,"2023-04-08T03:06:21.591000+00:00"
"https://www.cfr.org/",,,,"2023-04-08T03:06:21.591000+00:00"
"https://www.csis.org/",,,,"2023-04-08T03:06:21.591000+00:00"
"https://www.chathamhouse.org/",,,,"2023-04-08T03:06:21.591000+00:00"
"https://carnegieendowment.org/",,,,"2023-04-08T03:06:21.591000+00:00"
"https://www.cato.org/",,,,"2023-04-08T03:06:21.591000+00:00"
"https://www.iiss.org/",,,,"2023-04-08T03:06:21.591000+00:00"
"https://www.niskanencenter.org/",,,,"2023-04-08T02:57:01.670000+00:00"
"https://www.rand.org/",,,,"2023-04-08T02:57:01.670000+00:00"
"https://www.brookings.edu",,,,"2023-04-08T02:57:01.670000+00:00"
"https://www.heritage.org/",,,,"2023-04-08T02:57:01.670000+00:00"
"https://www.belfercenter.org/",,,,"2023-04-08T02:57:01.670000+00:00"
"https://vault.fbi.gov",,,,"2023-04-08T00:04:59.334000+00:00"
"https://www.cia.gov/readingroom/historical-collections",,,,"2023-04-08T00:01:11.719000+00:00"
"https://belonging.berkeley.edu/sites/default/files/kerner_commission_full_report.pdf?file=1&force=1",,,,"2023-04-07T23:57:31.005000+00:00"
"https://govinfo.library.unt.edu/911/report/911Report.pdf",,,,"2023-04-07T23:56:39.548000+00:00"
"https://www.marketplace.org",,,,"2023-04-07T23:33:03.823000+00:00"
"https://onbeing.org",,,,"2023-04-07T23:27:00.687000+00:00"
"https://www.bbc.co.uk/ws/languages",,,,"2023-04-07T23:00:37.334000+00:00"
"https://www.radiofrance.fr",,,,"2023-04-07T22:55:29.502000+00:00"
"https://www.bbc.com",,,,"2023-04-07T22:50:46.785000+00:00"
"https://www.npr.org",,,,"2023-04-07T22:45:27.599000+00:00"
"https://freakonomics.com",,,,"2023-04-07T22:13:27.554000+00:00"
"https://twitter.com/blancheminerva/status/1643411691101626374?s=46&t=yLK7IiOlFB5zetU_zagHNQ",,,,"2023-04-07T21:52:45.409000+00:00"
"https://sci-hub.se/database",,,,"2023-04-07T19:34:28.504000+00:00"
"https://discord.com/channels/1055935572465700980/1058162802273038428/1088997274408988672",,,,"2023-04-07T13:16:28.695000+00:00"
"https://www.asciiart.eu",,,,"2023-04-06T21:36:24.229000+00:00"
"https://emojicombos.com/ASCII",,,,"2023-04-06T21:33:08.489000+00:00"
"https://wol.jw.org/",,,,"2023-04-06T19:53:10.592000+00:00"
"https://www.jw.org/en/",,,,"2023-04-06T19:51:09.191000+00:00"
"https://archive.org/details/usfederalcourts?tab=collection",,,,"2023-04-06T19:09:09.530000+00:00"
"https://en.wikipedia.org/wiki/Free_Law_Project",,,,"2023-04-06T19:05:23.515000+00:00"
"https://www.churchofjesuschrist.org/study?lang=eng",,,,"2023-04-06T19:01:47.041000+00:00"
"https://www.justia.com",,,,"2023-04-06T18:24:30.015000+00:00"
"https://winstonchurchill.org",,,,"2023-04-06T01:50:08.006000+00:00"
"https://plato.stanford.edu/",,,,"2023-04-06T00:49:03.990000+00:00"
"https://github.com/ymcui/Chinese-LLaMA-Alpaca/tree",,,,"2023-04-04T04:59:42.851000+00:00"
"https://files.catbox.moe/bhtp9i.zip",,,,"2023-04-02T21:45:51.279000+00:00"
"https://files.catbox.moe/ahoivx.zip",,,,"2023-04-02T21:45:51.279000+00:00"
"https://huggingface.co/datasets/anon8231489123/ShareGPT_Vicuna_unfiltered/tree/main/HTML_cleaned_raw_dataset",,,,"2023-04-02T21:45:51.279000+00:00"
"https://discord.com/channels/992359628979568762/1083107245971226685/1091725284526522428",,,,"2023-04-02T09:56:31.101000+00:00"
"https://files.catbox.moe/m2aqrg.zip",,,,"2023-04-01T15:50:01.999000+00:00"
"https://docs.google.com/spreadsheets/d/1NYYa6vHiRnk5kwnyYaCT0cBO62--Tm3w4ihdBtp4ISk/edit#gid=1537161081",,,,"2023-03-28T15:59:11.907000+00:00"
"https://github.com/tloen/alpaca-lora/blob/main/alpaca_data_cleaned.json",,,,"2023-03-22T16:32:16.190000+00:00"
"https://github.com/gururise/AlpacaDataCleaned",,,,"2023-03-22T16:30:40.408000+00:00"
"https://laion.ai/blog/oig-dataset/.",,,,"2023-03-14T09:29:02.839000+00:00"
"https://the-eye.eu/public/AI/pile_preliminary_components/",,,,"2023-03-02T20:03:56.400000+00:00"
"https://lib.msu.edu/gds/",,,,"2023-02-28T19:55:47.515000+00:00"
"https://the-eye.eu/public/AI/pile/train/",,,,"2023-02-25T01:07:59.464000+00:00"
"https://dumps.wikimedia.org/backup-index.html",,,,"2023-02-25T00:59:32.655000+00:00"
"https://info.arxiv.org/help/bulk_data_s3.html",,,,"2023-02-25T00:59:32.655000+00:00"
"https://github.com/EleutherAI/pile-arxiv",,,,"2023-02-25T00:59:32.655000+00:00"
"https://github.com/mattbierbaum/arxiv-public-datasets",,,,"2023-02-25T00:59:32.655000+00:00"
"https://github.com/amacfie/mathtext",,,,"2023-02-25T00:59:32.655000+00:00"
"https://discord.com/channels/992359628979568762/998539369919025212/998596986213236806",,,,"2023-02-24T23:58:18.868000+00:00"
"https://discord.com/channels/992359628979568762/992359629419991142/1078049703423381565",,,,"2023-02-24T22:58:01.373000+00:00"
"https://github.com/p-lambda/dsir",,,,"2023-02-09T04:30:51.150000+00:00"
"https://twitter.com/ShayneRedford/status/1620805305801261058",,,,"2023-02-01T17:22:58.740000+00:00"
"https://discord.com/channels/992359628979568762/992359845963497512/1067803805128851466",,,,"2023-02-01T05:12:07.658000+00:00"
